id,title,answer,summary_reason
tesco-2033,Tesco treasury 3.500% senior notes due 2033,False,"No feature identified within the examined offering terms: cash principal repayment is provided (tesco-2025-final, PDF pp.2–4); no applicable principal write-down or compulsory common-share conversion was identified. This is a qualified source reading, not a proof of absence in all operative language or documents."
veolia-2031,Veolia 3.690% senior notes due 2031,False,"No feature identified within the examined offering terms: cash principal repayment is provided (veolia-2026-base, PDF p.79); no applicable principal write-down or compulsory common-share conversion was identified. This is a qualified source reading, not a proof of absence in all operative language or documents."
veolia-2036,Veolia 4.122% senior notes due 2036,False,"No feature identified within the examined offering terms: cash principal repayment is provided (veolia-2026-base, PDF p.79); no applicable principal write-down or compulsory common-share conversion was identified. This is a qualified source reading, not a proof of absence in all operative language or documents."
deutsche-at1-2025,"Deutsche Bank 6.75% perpetual AT1, December 2025",True,"Yes: the principal can be reduced or cancelled under the contractual terms (deutsche-at1-2025, PDF p.9). The conditions are retained in the cited evidence; the power need not have been exercised."
sogecap-rt1-2025,"Sogécap 6.25% perpetual restricted tier 1, July 2025",True,"Yes: the principal can be reduced or cancelled under the contractual terms (sogecap-rt1-2025, PDF p.72). The conditions are retained in the cited evidence; the power need not have been exercised."
ubs-sgd-at1-2024,UBS 5.600% SGD perpetual AT1 (June issue and July tap),True,"Yes: the bond can be compulsorily converted into common/ordinary shares under the contractual terms (ubs-sgd-at1-2024-final-published, PDF p.28). The conditions are retained in the cited evidence; the power need not have been exercised."
barclays-at1-2025,"Barclays 7.625% perpetual AT1, first reset 2035",True,"Yes: the bond can be compulsorily converted into common/ordinary shares under the contractual terms (barclays-at1-2025, PDF p.57). The conditions are retained in the cited evidence; the power need not have been exercised."
hsbc-at1-2026-2031,"HSBC 6.750% perpetual AT1, first reset 2031",True,"Yes: the bond can be compulsorily converted into common/ordinary shares under the contractual terms (hsbc-at1-2026-specific, PDF p.1). The conditions are retained in the cited evidence; the power need not have been exercised."
hsbc-at1-2026-2036,"HSBC 7.000% perpetual AT1, first reset 2036",True,"Yes: the bond can be compulsorily converted into common/ordinary shares under the contractual terms (hsbc-at1-2026-specific, PDF p.1). The conditions are retained in the cited evidence; the power need not have been exercised."
standard-chartered-at1-2025,"Standard Chartered 7.625% perpetual AT1, January 2025",True,"Yes: the principal can be reduced or cancelled under the contractual terms (standard-chartered-at1-2025-executed-deed, PDF pp.42–43). The conditions are retained in the cited evidence; the power need not have been exercised."
apple-senior-2025.1,Apple Inc. 4.000% Notes due 2028,False,"No feature identified within the examined offering terms: cash principal repayment is provided (apple-senior-2025, PDF p.16); no applicable principal write-down or compulsory common-share conversion was identified. This is a qualified source reading, not a proof of absence in all operative language or documents."
apple-senior-2025.2,Apple Inc. 4.200% Notes due 2030,False,"No feature identified within the examined offering terms: cash principal repayment is provided (apple-senior-2025, PDF p.16); no applicable principal write-down or compulsory common-share conversion was identified. This is a qualified source reading, not a proof of absence in all operative language or documents."
apple-senior-2025.3,Apple Inc. 4.500% Notes due 2032,False,"No feature identified within the examined offering terms: cash principal repayment is provided (apple-senior-2025, PDF p.16); no applicable principal write-down or compulsory common-share conversion was identified. This is a qualified source reading, not a proof of absence in all operative language or documents."
apple-senior-2025.4,Apple Inc. 4.750% Notes due 2035,False,"No feature identified within the examined offering terms: cash principal repayment is provided (apple-senior-2025, PDF p.16); no applicable principal write-down or compulsory common-share conversion was identified. This is a qualified source reading, not a proof of absence in all operative language or documents."
duke-senior-2024.1,Duke Energy Corporation 5.45% Senior Notes due 2034,False,"No feature identified within the examined offering terms: cash principal repayment is provided (duke-senior-2024, PDF p.15); no applicable principal write-down or compulsory common-share conversion was identified. This is a qualified source reading, not a proof of absence in all operative language or documents."
duke-senior-2024.2,Duke Energy Corporation 5.80% Senior Notes due 2054,False,"No feature identified within the examined offering terms: cash principal repayment is provided (duke-senior-2024, PDF p.15); no applicable principal write-down or compulsory common-share conversion was identified. This is a qualified source reading, not a proof of absence in all operative language or documents."
southern-junior-2025a.1,The Southern Company Series 2025A 6.50% Junior Subordinated Notes due 2085,False,"No feature identified within the examined offering terms: cash principal repayment is provided (southern-junior-2025a, PDF p.10); no applicable principal write-down or compulsory common-share conversion was identified. This is a qualified source reading, not a proof of absence in all operative language or documents."
duke-junior-2024.1,Duke Energy Corporation 6.45% Fixed-to-Fixed Reset Rate Junior Subordinated Debentures due 2054,False,"No feature identified within the examined offering terms: cash principal repayment is provided (duke-junior-2024, PDF p.12); no applicable principal write-down or compulsory common-share conversion was identified. This is a qualified source reading, not a proof of absence in all operative language or documents."
nwm-series-14-2025,NatWest Markets 4.789% senior notes due 2028,True,"Yes: the principal can be reduced or cancelled under a disclosed statutory resolution power (nwm-2025-base, PDF p.69). The conditions are retained in the cited evidence; the power need not have been exercised."
bpce-2025-23,BPCE USD SOFR + 1.03% senior preferred notes due 2030,True,"Yes: the principal can be reduced or cancelled under a disclosed statutory resolution power (bpce-2025-base, PDF p.150). The conditions are retained in the cited evidence; the power need not have been exercised."
cba-series-6700,CBA EUR ESTR + 0.26% senior notes due October 2026,False,"No feature identified within the examined offering terms: cash principal repayment is provided (cba-2025-6700-final, PDF pp.2–4); no applicable principal write-down or compulsory common-share conversion was identified. This is a qualified source reading, not a proof of absence in all operative language or documents."
compass-senior-2035,Compass Group 3.500% senior notes due 15 January 2035,False,"No feature identified within the examined offering terms: cash principal repayment is provided (compass-2035-final, PDF pp.2–3); no applicable principal write-down or compulsory common-share conversion was identified. This is a qualified source reading, not a proof of absence in all operative language or documents."
ing-at1-2025,"ING Groep 7.000% perpetual AT1, first reset November 2032",True,"Yes: the bond can be compulsorily converted into common/ordinary shares under the contractual terms (ing-at1-us456837bt90, PDF p.36). The conditions are retained in the cited evidence; the power need not have been exercised."
shell-senior-2030,Shell International Finance 1.000% senior notes due 10 December 2030,False,"No feature identified within the examined offering terms: cash principal repayment is provided (shell-2030-final, PDF pp.2–3); no applicable principal write-down or compulsory common-share conversion was identified. This is a qualified source reading, not a proof of absence in all operative language or documents."
danske-dkk-at1-2026,"Danske Bank DKK1.25bn perpetual AT1, Series 4, August 2026",True,"Yes: the bond can be compulsorily converted into common/ordinary shares under the contractual terms (danske-at1-2026-base, PDF p.110). The conditions are retained in the cited evidence; the power need not have been exercised."
lloyds-at1-2025,"Lloyds 6.625% perpetual AT1, first reset September 2035",True,"Yes: the bond can be compulsorily converted into common/ordinary shares under the contractual terms (lloyds-at1-2025-yahoo-filing, PDF p.1). The conditions are retained in the cited evidence; the power need not have been exercised."
santander-at1-eur-2025,"Banco Santander 6.000% perpetual AT1, July 2025",True,"Yes: the bond can be compulsorily converted into common/ordinary shares under the contractual terms (santander-at1-2025, PDF p.103). The conditions are retained in the cited evidence; the power need not have been exercised."
unilever-capital-2030,Unilever Capital Corporation 2.750% notes due 22 May 2030,False,"No feature identified within the examined offering terms: cash principal repayment is provided (unilever-2030-final, PDF pp.2–4); no applicable principal write-down or compulsory common-share conversion was identified. This is a qualified source reading, not a proof of absence in all operative language or documents."
abn-amro-at1-2025,"ABN AMRO 5.750% perpetual AT1, February 2025",True,"Yes: the principal can be reduced or cancelled under the contractual terms (abn-at1-2025, PDF p.1). The conditions are retained in the cited evidence; the power need not have been exercised."
enel-senior-2028,Enel Finance International 2.625% senior notes due 24 February 2028,False,"No feature identified within the examined offering terms: cash principal repayment is provided (enel-2025-final, PDF pp.4–7); no applicable principal write-down or compulsory common-share conversion was identified. This is a qualified source reading, not a proof of absence in all operative language or documents."
kbc-at1-2025,"KBC Group undated EUR 1 billion AT1, May 2025",True,"Yes: the principal can be reduced or cancelled under the contractual terms (kbc-at1-2025, PDF p.57). The conditions are retained in the cited evidence; the power need not have been exercised."
intesa-at1-2026-nc6,"Intesa Sanpaolo EUR 750 million 5.500% AT1, February 2026",True,"Yes: the principal can be reduced or cancelled under the contractual terms (intesa-at1-2026, PDF p.86). The conditions are retained in the cited evidence; the power need not have been exercised."
basf-senior-2032,BASF SE 4.250% Notes due 8 March 2032,,"No supported yes/no answer: BASF September 9, 2022 programme prospectus with selected Option I conditions and February 27, 2023 supplement are missing.; Affirmative principal repayment terms have not been resolved; Debt status is not established from the selected terms"
lvmh-senior-2029,LVMH 2.625% Notes due 7 March 2029,,No supported yes/no answer: 5 potentially relevant clauses require scope/meaning resolution
bbva-at1-series15-2025,"BBVA Series 15 5.625% perpetual AT1 preferred securities, November 2025",True,"Yes: the bond can be compulsorily converted into common/ordinary shares under the contractual terms (bbva-at1-2025-offering, PDF pp.115–116). The conditions are retained in the cited evidence; the power need not have been exercised."
seb-at1-usd-2024,"SEB USD500m 6.750% perpetual AT1 convertible notes, November 2024",True,"Yes: the principal can be reduced or cancelled under the contractual terms (seb-at1-2024-information, PDF p.39). The conditions are retained in the cited evidence; the power need not have been exercised."
