level	page_num	block_num	par_num	line_num	word_num	left	top	width	height	conf	text
1	1	0	0	0	0	0	0	1489	2105	-1	
2	1	1	0	0	0	180	249	1127	1730	-1	
3	1	1	1	0	0	181	249	1099	468	-1	
4	1	1	1	1	0	181	249	1072	26	-1	
5	1	1	1	1	1	181	250	20	19	49	3.
5	1	1	1	1	2	243	249	67	20	49	What
5	1	1	1	1	3	319	254	39	15	96	are
5	1	1	1	1	4	367	249	40	20	96	the
5	1	1	1	1	5	417	249	193	20	96	considerations
5	1	1	1	1	6	619	249	37	20	96	for
5	1	1	1	1	7	665	249	185	20	96	intermediaries
5	1	1	1	1	8	859	249	69	20	96	when
5	1	1	1	1	9	938	249	161	26	96	categorising
5	1	1	1	1	10	1110	249	143	20	96	investment
4	1	1	1	2	0	245	280	568	26	-1	
5	1	1	1	2	1	245	280	115	26	96	products
5	1	1	1	2	2	370	280	48	20	96	into
5	1	1	1	2	3	428	280	108	20	95	different
5	1	1	1	2	4	546	280	102	20	96	Product
5	1	1	1	2	5	657	280	156	26	96	Categories?
4	1	1	1	3	0	245	343	1012	26	-1	
5	1	1	1	3	1	245	343	172	20	96	Intermediaries
5	1	1	1	3	2	426	348	42	15	96	can
5	1	1	1	3	3	478	343	125	26	96	categorise
5	1	1	1	3	4	613	343	103	26	96	products
5	1	1	1	3	5	726	343	72	20	96	based
5	1	1	1	3	6	808	348	28	15	95	on
5	1	1	1	3	7	846	343	52	20	95	their
5	1	1	1	3	8	908	343	90	26	96	existing
5	1	1	1	3	9	1009	343	108	26	96	practices
5	1	1	1	3	10	1126	343	43	20	96	and
5	1	1	1	3	11	1180	343	77	20	96	devise
4	1	1	1	4	0	245	375	1035	26	-1	
5	1	1	1	4	1	245	375	93	20	96	Product
5	1	1	1	4	2	347	375	131	26	96	Categories
5	1	1	1	4	3	487	375	137	26	96	appropriate
5	1	1	1	4	4	633	377	22	18	97	to
5	1	1	1	4	5	664	375	53	20	96	their
5	1	1	1	4	6	726	375	106	20	96	business
5	1	1	1	4	7	842	375	55	20	96	such
5	1	1	1	4	8	907	375	46	20	96	that
5	1	1	1	4	9	962	375	131	20	96	investment
5	1	1	1	4	10	1103	375	103	26	96	products
5	1	1	1	4	11	1216	375	18	20	96	in
5	1	1	1	4	12	1243	375	37	20	96	the
4	1	1	1	5	0	244	407	987	26	-1	
5	1	1	1	5	1	244	412	65	15	96	same
5	1	1	1	5	2	319	409	104	24	96	category
5	1	1	1	5	3	431	407	70	20	96	would
5	1	1	1	5	4	513	407	56	20	96	have
5	1	1	1	5	5	579	407	78	20	96	similar
5	1	1	1	5	6	665	409	68	18	96	terms
5	1	1	1	5	7	743	407	43	20	96	and
5	1	1	1	5	8	795	407	105	24	96	features,
5	1	1	1	5	9	911	407	180	24	95	characteristics,
5	1	1	1	5	10	1103	409	75	18	96	nature
5	1	1	1	5	11	1188	407	43	20	96	and
4	1	1	1	6	0	244	438	174	20	-1	
5	1	1	1	6	1	244	440	74	18	96	extent
5	1	1	1	6	2	327	438	22	20	96	of
5	1	1	1	6	3	358	438	60	20	96	risks.
4	1	1	1	7	0	245	501	975	26	-1	
5	1	1	1	7	1	245	502	39	19	96	For
5	1	1	1	7	2	294	501	106	24	96	instance,
5	1	1	1	7	3	412	501	169	20	96	intermediaries
5	1	1	1	7	4	591	501	78	20	96	should
5	1	1	1	7	5	680	501	124	26	96	categorise
5	1	1	1	7	6	813	501	37	20	96	the
5	1	1	1	7	7	859	501	105	26	96	following
5	1	1	1	7	8	974	503	65	24	96	types
5	1	1	1	7	9	1048	501	22	20	96	of
5	1	1	1	7	10	1080	501	89	26	96	product
5	1	1	1	7	11	1179	501	41	20	96	into
4	1	1	1	8	0	244	533	971	26	-1	
5	1	1	1	8	1	244	533	90	26	96	specific
5	1	1	1	8	2	345	533	92	20	96	Product
5	1	1	1	8	3	446	533	131	26	96	Categories
5	1	1	1	8	4	587	538	26	15	95	so
5	1	1	1	8	5	623	538	27	15	96	as
5	1	1	1	8	6	659	535	22	18	96	to
5	1	1	1	8	7	691	533	141	20	96	differentiate
5	1	1	1	8	8	841	533	59	20	95	them
5	1	1	1	8	9	910	533	53	20	95	from
5	1	1	1	8	10	974	533	103	26	96	products
5	1	1	1	8	11	1087	533	21	20	96	of
5	1	1	1	8	12	1117	533	98	20	95	different
4	1	1	1	9	0	244	565	982	26	-1	
5	1	1	1	9	1	244	565	180	24	96	characteristics,
5	1	1	1	9	2	436	567	75	18	96	nature
5	1	1	1	9	3	521	565	43	20	96	and
5	1	1	1	9	4	574	567	74	18	96	extent
5	1	1	1	9	5	657	565	22	20	95	of
5	1	1	1	9	6	688	565	60	24	95	risks,
5	1	1	1	9	7	759	565	77	20	96	and/or
5	1	1	1	9	8	844	567	22	18	96	to
5	1	1	1	9	9	875	565	86	26	96	comply
5	1	1	1	9	10	969	565	47	20	96	with
5	1	1	1	9	11	1027	565	90	26	93	existing
5	1	1	1	9	12	1129	565	97	26	92	product-
4	1	1	1	10	0	244	597	953	26	-1	
5	1	1	1	10	1	244	597	90	26	96	specific
5	1	1	1	10	2	344	597	120	26	96	regulatory
5	1	1	1	10	3	474	597	158	26	93	requirements
5	1	1	1	10	4	641	609	10	2	87	—
5	1	1	1	10	5	650	597	36	26	93	(i)
5	1	1	1	10	6	697	597	340	24	92	accumulators/decumulators,
5	1	1	1	10	7	1049	597	27	26	93	(ii)
5	1	1	1	10	8	1087	597	110	20	96	collective
4	1	1	1	11	0	245	628	1008	26	-1	
5	1	1	1	11	1	245	628	131	20	96	investment
5	1	1	1	11	2	385	628	108	20	96	schemes
5	1	1	1	11	3	502	628	77	20	96	whose
5	1	1	1	11	4	590	628	131	20	96	investment
5	1	1	1	11	5	730	628	107	26	96	objective
5	1	1	1	11	6	846	633	23	15	96	or
5	1	1	1	11	7	879	628	99	26	96	principal
5	1	1	1	11	8	989	628	131	20	96	investment
5	1	1	1	11	9	1129	630	96	24	96	strategy
5	1	1	1	11	10	1236	628	17	20	96	is
4	1	1	1	12	0	245	660	979	26	-1	
5	1	1	1	12	1	245	660	105	26	96	investing
5	1	1	1	12	2	361	660	18	20	93	in
5	1	1	1	12	3	390	660	197	20	92	insurance-linked
5	1	1	1	12	4	597	660	121	24	96	securities,
5	1	1	1	12	5	729	660	34	26	86	(iii)
5	1	1	1	12	6	773	660	52	20	96	debt
5	1	1	1	12	7	835	660	139	20	95	instruments
5	1	1	1	12	8	983	660	47	20	92	with
5	1	1	1	12	9	1041	660	183	26	91	loss-absorption
4	1	1	1	13	0	243	689	1020	28	-1	
5	1	1	1	13	1	243	691	99	20	96	features
5	1	1	1	13	2	351	691	43	20	96	and
5	1	1	1	13	3	406	691	80	20	96	related
5	1	1	1	13	4	497	691	109	26	96	products,
5	1	1	1	13	5	618	691	35	26	96	(iv)
5	1	1	1	13	6	662	691	72	20	96	virtual
5	1	1	1	13	7	744	693	78	18	95	assets
5	1	1	1	13	8	832	691	70	26	72	(“VA”)
5	1	1	1	13	9	912	691	43	20	93	and
5	1	1	1	13	10	966	691	29	26	92	(v)
5	1	1	1	13	11	1005	691	128	20	92	VA-related
5	1	1	1	13	12	1144	689	119	28	90	products?.
3	1	1	2	0	0	180	755	1102	310	-1	
4	1	1	2	1	0	180	755	1087	26	-1	
5	1	1	2	1	1	180	756	21	19	64	4.
5	1	1	2	1	2	243	755	67	20	64	What
5	1	1	2	1	3	320	755	69	20	96	kinds
5	1	1	2	1	4	399	755	25	20	96	of
5	1	1	2	1	5	433	755	148	20	96	information
5	1	1	2	1	6	591	755	88	20	96	should
5	1	1	2	1	7	688	755	40	20	96	the
5	1	1	2	1	8	739	755	102	20	96	Product
5	1	1	2	1	9	849	756	118	25	96	Category
5	1	1	2	1	10	977	755	148	20	96	Information
5	1	1	2	1	11	1135	756	132	19	96	Statement
4	1	1	2	2	0	244	787	88	19	-1	
5	1	1	2	2	1	244	787	88	19	96	cover?
4	1	1	2	3	0	244	849	982	26	-1	
5	1	1	2	3	1	244	850	30	19	96	To
5	1	1	2	3	2	284	849	64	26	96	apply
5	1	1	2	3	3	357	849	36	20	96	the
5	1	1	2	3	4	404	849	143	20	96	Streamlined
5	1	1	2	3	5	556	849	123	26	96	Approach,
5	1	1	2	3	6	691	849	170	20	96	intermediaries
5	1	1	2	3	7	871	849	78	20	96	should
5	1	1	2	3	8	960	849	124	26	96	categorise
5	1	1	2	3	9	1095	849	131	20	96	investment
4	1	1	2	4	0	245	881	1037	26	-1	
5	1	1	2	4	1	245	881	103	26	96	products
5	1	1	2	4	2	358	881	72	20	96	based
5	1	1	2	4	3	440	886	28	15	96	on
5	1	1	2	4	4	477	881	53	20	96	their
5	1	1	2	4	5	538	883	68	18	96	terms
5	1	1	2	4	6	616	881	43	20	96	and
5	1	1	2	4	7	668	881	105	24	96	features,
5	1	1	2	4	8	784	881	180	24	96	characteristics,
5	1	1	2	4	9	975	883	75	18	96	nature
5	1	1	2	4	10	1060	881	44	20	96	and
5	1	1	2	4	11	1114	883	74	18	96	extent
5	1	1	2	4	12	1197	881	21	20	96	of
5	1	1	2	4	13	1228	881	54	20	96	risks
4	1	1	2	5	0	244	913	1003	26	-1	
5	1	1	2	5	1	244	913	43	20	96	and
5	1	1	2	5	2	298	913	88	26	96	provide
5	1	1	2	5	3	395	913	56	20	96	such
5	1	1	2	5	4	462	913	132	20	96	information
5	1	1	2	5	5	604	915	22	18	96	to
5	1	1	2	5	6	635	913	76	20	96	clients
5	1	1	2	5	7	722	913	27	26	96	by
5	1	1	2	5	8	757	918	48	21	96	way
5	1	1	2	5	9	814	913	22	20	96	of
5	1	1	2	5	10	844	913	37	20	96	the
5	1	1	2	5	11	892	913	92	20	96	Product
5	1	1	2	5	12	994	914	109	25	96	Category
5	1	1	2	5	13	1114	913	133	20	96	Information
4	1	1	2	6	0	245	944	999	26	-1	
5	1	1	2	6	1	245	945	128	19	96	Statement.
5	1	1	2	6	2	392	944	79	20	96	Where
5	1	1	2	6	3	481	944	128	26	96	applicable,
5	1	1	2	6	4	619	944	37	20	96	the
5	1	1	2	6	5	667	944	93	20	96	Product
5	1	1	2	6	6	769	945	109	25	96	Category
5	1	1	2	6	7	889	944	133	20	96	Information
5	1	1	2	6	8	1033	945	124	19	96	Statement
5	1	1	2	6	9	1166	944	78	20	96	should
4	1	1	2	7	0	245	976	934	26	-1	
5	1	1	2	7	1	245	976	84	20	96	include
5	1	1	2	7	2	338	976	94	26	96	warning
5	1	1	2	7	3	443	978	132	18	96	statements
5	1	1	2	7	4	586	976	18	20	95	in
5	1	1	2	7	5	615	976	87	20	96	relation
5	1	1	2	7	6	711	978	22	18	96	to
5	1	1	2	7	7	742	976	37	20	96	the
5	1	1	2	7	8	789	976	129	20	96	distribution
5	1	1	2	7	9	929	976	22	20	96	of
5	1	1	2	7	10	960	976	100	26	96	complex
5	1	1	2	7	11	1070	976	109	26	96	products.
4	1	1	2	8	0	245	1008	931	26	-1	
5	1	1	2	8	1	245	1008	172	20	96	Intermediaries
5	1	1	2	8	2	426	1008	78	20	96	should
5	1	1	2	8	3	516	1008	86	26	96	provide
5	1	1	2	8	4	612	1008	138	26	96	explanation
5	1	1	2	8	5	761	1013	58	21	96	upon
5	1	1	2	8	6	830	1010	90	24	95	request
5	1	1	2	8	7	928	1010	22	18	95	to
5	1	1	2	8	8	959	1008	99	20	95	facilitate
5	1	1	2	8	9	1067	1008	37	20	93	the
5	1	1	2	8	10	1114	1009	62	19	67	SPI’s
4	1	1	2	9	0	245	1039	784	26	-1	
5	1	1	2	9	1	245	1039	171	26	96	understanding
5	1	1	2	9	2	426	1039	22	20	96	of
5	1	1	2	9	3	457	1039	132	20	96	investment
5	1	1	2	9	4	598	1039	103	26	96	products
5	1	1	2	9	5	709	1039	69	20	96	within
5	1	1	2	9	6	788	1044	15	15	96	a
5	1	1	2	9	7	813	1039	92	20	96	Product
5	1	1	2	9	8	914	1040	115	25	96	Category.
3	1	1	3	0	0	181	1102	1117	273	-1	
4	1	1	3	1	0	181	1102	1016	26	-1	
5	1	1	3	1	1	181	1103	20	19	78	5.
5	1	1	3	1	2	243	1102	67	20	76	What
5	1	1	3	1	3	319	1102	88	20	96	should
5	1	1	3	1	4	417	1107	29	15	96	an
5	1	1	3	1	5	457	1103	41	19	95	SPI
5	1	1	3	1	6	509	1102	113	20	96	consider
5	1	1	3	1	7	630	1102	68	20	96	when
5	1	1	3	1	8	709	1102	133	26	96	specifying
5	1	1	3	1	9	852	1107	15	15	97	a
5	1	1	3	1	10	875	1102	164	26	95	Streamlining
5	1	1	3	1	11	1049	1102	148	20	95	Threshold?
4	1	1	3	2	0	245	1166	1053	26	-1	
5	1	1	3	2	1	245	1167	55	19	73	SPls
5	1	1	3	2	2	310	1171	42	15	96	can
5	1	1	3	2	3	362	1166	84	26	95	specify
5	1	1	3	2	4	455	1171	14	15	96	a
5	1	1	3	2	5	479	1166	149	26	96	Streamlining
5	1	1	3	2	6	638	1166	120	20	96	Threshold
5	1	1	3	2	7	769	1166	136	26	96	appropriate
5	1	1	3	2	8	914	1168	22	18	96	to
5	1	1	3	2	9	945	1166	53	20	96	their
5	1	1	3	2	10	1007	1166	174	20	96	circumstances
5	1	1	3	2	11	1191	1166	43	26	94	(eg,
5	1	1	3	2	12	1245	1166	53	20	97	their
4	1	1	3	3	0	243	1197	918	26	-1	
5	1	1	3	3	1	243	1197	99	20	96	financial
5	1	1	3	3	2	353	1197	106	24	96	situation,
5	1	1	3	3	3	471	1197	131	20	96	investment
5	1	1	3	3	4	611	1197	120	26	96	objectives
5	1	1	3	3	5	741	1197	76	20	94	and/or
5	1	1	3	3	6	827	1197	41	20	96	risk
5	1	1	3	3	7	877	1197	111	20	96	tolerance
5	1	1	3	3	8	999	1197	62	26	96	level)
5	1	1	3	3	9	1071	1197	43	20	96	and
5	1	1	3	3	10	1124	1197	37	20	96	the
4	1	1	3	4	0	245	1229	977	26	-1	
5	1	1	3	4	1	245	1229	149	26	96	intermediary
5	1	1	3	4	2	404	1229	17	20	96	is
5	1	1	3	4	3	431	1229	98	26	96	required
5	1	1	3	4	4	538	1231	22	18	96	to
5	1	1	3	4	5	570	1229	101	20	96	maintain
5	1	1	3	4	6	682	1234	77	21	96	proper
5	1	1	3	4	7	769	1229	89	20	96	records
5	1	1	3	4	8	868	1229	22	20	96	of
5	1	1	3	4	9	899	1229	78	26	96	setting
5	1	1	3	4	10	987	1234	43	21	96	any
5	1	1	3	4	11	1039	1229	56	20	96	such
5	1	1	3	4	12	1104	1229	118	24	96	threshold,
4	1	1	3	5	0	245	1260	1009	26	-1	
5	1	1	3	5	1	245	1260	104	26	96	including
5	1	1	3	5	2	359	1260	37	20	93	the
5	1	1	3	5	3	407	1261	61	19	69	SPI’s
5	1	1	3	5	4	479	1260	102	20	96	rationale
5	1	1	3	5	5	590	1260	46	20	96	that
5	1	1	3	5	6	645	1260	102	26	96	provides
5	1	1	3	5	7	756	1262	91	24	96	support
5	1	1	3	5	8	855	1260	31	20	96	for
5	1	1	3	5	9	896	1260	78	26	96	setting
5	1	1	3	5	10	984	1260	55	20	96	such
5	1	1	3	5	11	1049	1260	118	20	95	threshold.
5	1	1	3	5	12	1185	1261	31	19	95	As
5	1	1	3	5	13	1226	1265	28	15	96	an
4	1	1	3	6	0	245	1292	1040	26	-1	
5	1	1	3	6	1	245	1292	119	20	95	illustrative
5	1	1	3	6	2	374	1292	108	26	96	example,
5	1	1	3	6	3	493	1297	15	15	95	a
5	1	1	3	6	4	517	1292	74	26	95	higher
5	1	1	3	6	5	600	1294	91	18	96	amount
5	1	1	3	6	6	700	1297	41	15	96	can
5	1	1	3	6	7	752	1292	28	20	96	be
5	1	1	3	6	8	790	1294	35	18	96	set
5	1	1	3	6	9	834	1292	138	26	96	considering
5	1	1	3	6	10	982	1292	37	20	93	the
5	1	1	3	6	11	1027	1293	59	19	91	AUM
5	1	1	3	6	12	1098	1292	131	20	96	maintained
5	1	1	3	6	13	1238	1292	47	20	96	with
4	1	1	3	7	0	243	1324	1001	26	-1	
5	1	1	3	7	1	243	1324	37	20	96	the
5	1	1	3	7	2	291	1324	149	26	96	intermediary
5	1	1	3	7	3	450	1326	127	24	96	represents
5	1	1	3	7	4	587	1329	28	15	96	an
5	1	1	3	7	5	626	1324	141	26	96	insignificant
5	1	1	3	7	6	777	1324	80	26	96	portion
5	1	1	3	7	7	868	1324	22	20	96	of
5	1	1	3	7	8	898	1324	37	20	93	the
5	1	1	3	7	9	945	1325	62	19	83	SPI’s
5	1	1	3	7	10	1017	1324	95	26	96	portfolio
5	1	1	3	7	11	1122	1324	76	20	96	and/or
5	1	1	3	7	12	1208	1326	36	18	96	net
4	1	1	3	8	0	244	1357	84	18	-1	
5	1	1	3	8	1	244	1357	84	18	96	assets.
3	1	1	4	0	0	181	1854	1075	21	-1	
4	1	1	4	1	0	181	1854	1075	21	-1	
5	1	1	4	1	1	181	1854	119	17	38	+“V/A-related
5	1	1	4	1	2	308	1855	87	20	95	products”
5	1	1	4	1	3	403	1856	52	15	96	refers
5	1	1	4	1	4	462	1857	16	14	97	to
5	1	1	4	1	5	487	1855	101	16	96	investment
5	1	1	4	1	6	595	1855	80	20	96	products
5	1	1	4	1	7	682	1855	58	16	96	which:
5	1	1	4	1	8	749	1855	23	20	96	(a)
5	1	1	4	1	9	781	1855	44	16	96	have
5	1	1	4	1	10	832	1860	11	11	96	a
5	1	1	4	1	11	850	1855	77	20	96	principal
5	1	1	4	1	12	936	1855	101	16	96	investment
5	1	1	4	1	13	1044	1855	82	20	96	objective
5	1	1	4	1	14	1133	1860	18	11	96	or
5	1	1	4	1	15	1158	1857	75	18	96	strategy
5	1	1	4	1	16	1239	1857	17	14	96	to
3	1	1	5	0	0	181	1879	1103	20	-1	
4	1	1	5	1	0	181	1879	1103	20	-1	
5	1	1	5	1	1	181	1879	55	16	96	invest
5	1	1	5	1	2	243	1879	14	16	96	in
5	1	1	5	1	3	264	1879	55	16	96	virtual
5	1	1	5	1	4	327	1881	65	17	93	assets;
5	1	1	5	1	5	401	1879	24	20	93	(b)
5	1	1	5	1	6	432	1879	56	16	96	derive
5	1	1	5	1	7	496	1879	41	16	96	their
5	1	1	5	1	8	543	1879	49	16	95	value
5	1	1	5	1	9	601	1879	93	20	96	principally
5	1	1	5	1	10	700	1880	41	15	96	from
5	1	1	5	1	11	748	1879	29	16	96	the
5	1	1	5	1	12	784	1879	49	16	96	value
5	1	1	5	1	13	841	1879	33	16	97	and
5	1	1	5	1	14	882	1879	135	16	96	characteristics
5	1	1	5	1	15	1024	1880	17	15	96	of
5	1	1	5	1	16	1047	1879	55	16	96	virtual
5	1	1	5	1	17	1110	1881	65	17	96	assets;
5	1	1	5	1	18	1184	1884	18	11	93	or
5	1	1	5	1	19	1209	1879	22	20	93	(c)
5	1	1	5	1	20	1239	1879	45	16	96	track
3	1	1	6	0	0	181	1904	903	20	-1	
4	1	1	6	1	0	181	1904	903	20	-1	
5	1	1	6	1	1	181	1909	18	11	96	or
5	1	1	6	1	2	206	1904	78	20	96	replicate
5	1	1	6	1	3	291	1904	29	16	96	the
5	1	1	6	1	4	328	1904	101	16	96	investment
5	1	1	6	1	5	437	1904	60	16	96	results
5	1	1	6	1	6	504	1909	18	11	96	or
5	1	1	6	1	7	530	1906	64	14	96	returns
5	1	1	6	1	8	601	1904	53	16	96	which
5	1	1	6	1	9	662	1904	63	20	96	closely
5	1	1	6	1	10	733	1904	55	16	96	match
5	1	1	6	1	11	796	1909	18	11	97	or
5	1	1	6	1	12	821	1905	104	19	96	correspond
5	1	1	6	1	13	933	1906	16	14	97	to
5	1	1	6	1	14	956	1904	55	16	96	virtual
5	1	1	6	1	15	1019	1906	65	14	95	assets.
3	1	1	7	0	0	1221	1964	86	15	-1	
4	1	1	7	1	0	1221	1964	86	15	-1	
5	1	1	7	1	1	1221	1964	37	15	96	Page
5	1	1	7	1	2	1266	1964	7	12	95	2
5	1	1	7	1	3	1280	1967	13	9	95	of
5	1	1	7	1	4	1299	1964	8	12	96	3
