id,title,issuer,jurisdiction,rank,identifiers,answer,classification,status,summary_reason,qualification
tesco-2033,Tesco treasury 3.500% senior notes due 2033,Tesco Corporate Treasury Services PLC,UK,senior unsecured,XS3201918409,,,needs evidence,No supported yes/no answer: Issue/edition marker missing from its required page in tesco-2025-base; Debt status is not established from the selected terms,"Conditional on the declared issue/document scope and bounded English analysis. Source meaning, relevance of omitted material and later amendments are not independently proved."
veolia-2031,Veolia 3.690% senior notes due 2031,Veolia Environnement,France / EU,senior unsecured,FR0014017P12,False,non loss absorption,qualified source reading,"No within the examined offering terms: the debt provides for cash principal repayment (veolia-2026-base, PDF p.79); the declared operative document set has been examined and no applicable principal write-down or compulsory common-share conversion was identified. Separately recorded: benchmark-administrator resolution, cancellation after repayment or repurchase, coupon/dividend provisions, currency conversion, holder-optional conversion, interest-rate conversion, principal reduction through cash redemption.","Conditional on the declared issue/document scope and bounded English analysis. Source meaning, relevance of omitted material and later amendments are not independently proved."
veolia-2036,Veolia 4.122% senior notes due 2036,Veolia Environnement,France / EU,senior unsecured,FR0014017P04,False,non loss absorption,qualified source reading,"No within the examined offering terms: the debt provides for cash principal repayment (veolia-2026-base, PDF p.79); the declared operative document set has been examined and no applicable principal write-down or compulsory common-share conversion was identified. Separately recorded: benchmark-administrator resolution, cancellation after repayment or repurchase, coupon/dividend provisions, currency conversion, holder-optional conversion, interest-rate conversion, principal reduction through cash redemption.","Conditional on the declared issue/document scope and bounded English analysis. Source meaning, relevance of omitted material and later amendments are not independently proved."
deutsche-at1-2025,"Deutsche Bank 6.75% perpetual AT1, December 2025",Deutsche Bank AG,Germany / EU,additional tier 1,DE000A460DG7,True,loss absorption,qualified source reading,"Yes: the principal can be reduced or cancelled under the contractual terms (deutsche-at1-2025, PDF p.52). The power need not have been exercised.","Conditional on the declared issue/document scope and bounded English analysis. Source meaning, relevance of omitted material and later amendments are not independently proved."
sogecap-rt1-2025,"Sogécap 6.25% perpetual restricted tier 1, July 2025",SOGECAP,France / EU,insurance restricted tier 1,FR00140112W8,True,loss absorption,qualified source reading,"Yes: the principal can be reduced or cancelled under the contractual terms (sogecap-rt1-2025, PDF p.72). The power need not have been exercised.","Conditional on the declared issue/document scope and bounded English analysis. Source meaning, relevance of omitted material and later amendments are not independently proved."
ubs-sgd-at1-2024,UBS 5.600% SGD perpetual AT1 (June issue and July tap),UBS Group AG,Switzerland,additional tier 1,CH1357852636,True,loss absorption,qualified source reading,"Yes: the bond can be compulsorily converted into common/ordinary shares under the contractual terms (ubs-sgd-at1-2024-final-published, PDF p.28). The power need not have been exercised.","Conditional on the declared issue/document scope and bounded English analysis. Source meaning, relevance of omitted material and later amendments are not independently proved."
barclays-at1-2025,"Barclays 7.625% perpetual AT1, first reset 2035",Barclays PLC,UK,additional tier 1,US06738EDC66,True,loss absorption,qualified source reading,"Yes: the principal can be reduced or cancelled under a disclosed statutory resolution power (barclays-at1-2025, PDF p.73); the bond can be compulsorily converted into common/ordinary shares under the contractual terms (barclays-at1-2025, PDF p.57). The power need not have been exercised.","Conditional on the declared issue/document scope and bounded English analysis. Source meaning, relevance of omitted material and later amendments are not independently proved."
hsbc-at1-2026-2031,"HSBC 6.750% perpetual AT1, first reset 2031",HSBC Holdings plc,UK,additional tier 1,,True,loss absorption,qualified source reading,"Yes: the principal can be reduced or cancelled under a disclosed statutory resolution power (hsbc-at1-2026-specific, PDF p.83); the bond can be compulsorily converted into common/ordinary shares under the contractual terms (hsbc-at1-2026-specific, PDF p.66). The power need not have been exercised.","Conditional on the declared issue/document scope and bounded English analysis. Source meaning, relevance of omitted material and later amendments are not independently proved."
hsbc-at1-2026-2036,"HSBC 7.000% perpetual AT1, first reset 2036",HSBC Holdings plc,UK,additional tier 1,,True,loss absorption,qualified source reading,"Yes: the principal can be reduced or cancelled under a disclosed statutory resolution power (hsbc-at1-2026-specific, PDF p.83); the bond can be compulsorily converted into common/ordinary shares under the contractual terms (hsbc-at1-2026-specific, PDF p.66). The power need not have been exercised.","Conditional on the declared issue/document scope and bounded English analysis. Source meaning, relevance of omitted material and later amendments are not independently proved."
standard-chartered-at1-2025,"Standard Chartered 7.625% perpetual AT1, January 2025",Standard Chartered PLC,UK,additional tier 1,US853254DF47; USG84228GP72,True,loss absorption,qualified source reading,"Yes: the principal can be reduced or cancelled under the contractual terms (standard-chartered-at1-2025-executed-deed, PDF p.42); the bond can be compulsorily converted into common/ordinary shares under the contractual terms (standard-chartered-at1-2025-executed-deed, PDF p.55). The power need not have been exercised.","Conditional on the declared issue/document scope and bounded English analysis. Source meaning, relevance of omitted material and later amendments are not independently proved."
apple-senior-2025.1,Apple Inc. 4.000% Notes due 2028,Apple Inc.,US,senior,,False,non loss absorption,qualified source reading,"No within the examined offering terms: the debt provides for cash principal repayment (apple-senior-2025, PDF p.16); the declared operative document set has been examined and no applicable principal write-down or compulsory common-share conversion was identified. Separately recorded: cancellation after repayment or repurchase, coupon/dividend provisions, creditor-approved amendments, currency conversion.","Conditional on the declared issue/document scope and bounded English analysis. Source meaning, relevance of omitted material and later amendments are not independently proved."
apple-senior-2025.2,Apple Inc. 4.200% Notes due 2030,Apple Inc.,US,senior,,False,non loss absorption,qualified source reading,"No within the examined offering terms: the debt provides for cash principal repayment (apple-senior-2025, PDF p.16); the declared operative document set has been examined and no applicable principal write-down or compulsory common-share conversion was identified. Separately recorded: cancellation after repayment or repurchase, coupon/dividend provisions, creditor-approved amendments, currency conversion.","Conditional on the declared issue/document scope and bounded English analysis. Source meaning, relevance of omitted material and later amendments are not independently proved."
apple-senior-2025.3,Apple Inc. 4.500% Notes due 2032,Apple Inc.,US,senior,,False,non loss absorption,qualified source reading,"No within the examined offering terms: the debt provides for cash principal repayment (apple-senior-2025, PDF p.16); the declared operative document set has been examined and no applicable principal write-down or compulsory common-share conversion was identified. Separately recorded: cancellation after repayment or repurchase, coupon/dividend provisions, creditor-approved amendments, currency conversion.","Conditional on the declared issue/document scope and bounded English analysis. Source meaning, relevance of omitted material and later amendments are not independently proved."
apple-senior-2025.4,Apple Inc. 4.750% Notes due 2035,Apple Inc.,US,senior,,False,non loss absorption,qualified source reading,"No within the examined offering terms: the debt provides for cash principal repayment (apple-senior-2025, PDF p.16); the declared operative document set has been examined and no applicable principal write-down or compulsory common-share conversion was identified. Separately recorded: cancellation after repayment or repurchase, coupon/dividend provisions, creditor-approved amendments, currency conversion.","Conditional on the declared issue/document scope and bounded English analysis. Source meaning, relevance of omitted material and later amendments are not independently proved."
duke-senior-2024.1,Duke Energy Corporation 5.45% Senior Notes due 2034,Duke Energy Corporation,US,senior,,False,non loss absorption,qualified source reading,"No within the examined offering terms: the debt provides for cash principal repayment (duke-senior-2024, PDF p.15); the declared operative document set has been examined and no applicable principal write-down or compulsory common-share conversion was identified. Separately recorded: coupon/dividend provisions, creditor-approved amendments.","Conditional on the declared issue/document scope and bounded English analysis. Source meaning, relevance of omitted material and later amendments are not independently proved."
duke-senior-2024.2,Duke Energy Corporation 5.80% Senior Notes due 2054,Duke Energy Corporation,US,senior,,False,non loss absorption,qualified source reading,"No within the examined offering terms: the debt provides for cash principal repayment (duke-senior-2024, PDF p.15); the declared operative document set has been examined and no applicable principal write-down or compulsory common-share conversion was identified. Separately recorded: coupon/dividend provisions, creditor-approved amendments.","Conditional on the declared issue/document scope and bounded English analysis. Source meaning, relevance of omitted material and later amendments are not independently proved."
southern-junior-2025a.1,The Southern Company Series 2025A 6.50% Junior Subordinated Notes due 2085,The Southern Company,US,junior_subordinated,,False,non loss absorption,qualified source reading,"No within the examined offering terms: the debt provides for cash principal repayment (southern-junior-2025a, PDF p.10); the declared operative document set has been examined and no applicable principal write-down or compulsory common-share conversion was identified. Separately recorded: coupon/dividend provisions, creditor-approved amendments.","Conditional on the declared issue/document scope and bounded English analysis. Source meaning, relevance of omitted material and later amendments are not independently proved."
duke-junior-2024.1,Duke Energy Corporation 6.45% Fixed-to-Fixed Reset Rate Junior Subordinated Debentures due 2054,Duke Energy Corporation,US,junior_subordinated,,False,non loss absorption,qualified source reading,"No within the examined offering terms: the debt provides for cash principal repayment (duke-junior-2024, PDF p.12); the declared operative document set has been examined and no applicable principal write-down or compulsory common-share conversion was identified. Separately recorded: coupon/dividend provisions, creditor-approved amendments, currency conversion.","Conditional on the declared issue/document scope and bounded English analysis. Source meaning, relevance of omitted material and later amendments are not independently proved."
nwm-series-14-2025,NatWest Markets 4.789% senior notes due 2028,NatWest Markets plc,UK,senior unsecured,USG6382RGD47; US63906YAM03,True,loss absorption,qualified source reading,"Yes: the principal can be reduced or cancelled under a disclosed statutory resolution power (nwm-2025-base, PDF p.69). The power need not have been exercised.","Conditional on the declared issue/document scope and bounded English analysis. Source meaning, relevance of omitted material and later amendments are not independently proved."
bpce-2025-23,BPCE USD SOFR + 1.03% senior preferred notes due 2030,BPCE S.A.,France / EU,senior preferred,FR0014014YQ1,True,loss absorption,qualified source reading,"Yes: the principal can be reduced or cancelled under a disclosed statutory resolution power (bpce-2025-base, PDF p.150). The power need not have been exercised.","Conditional on the declared issue/document scope and bounded English analysis. Source meaning, relevance of omitted material and later amendments are not independently proved."
cba-series-6700,CBA EUR ESTR + 0.26% senior notes due October 2026,Commonwealth Bank of Australia,Australia,senior unsecured,XS3206613666,False,non loss absorption,qualified source reading,"No within the examined offering terms: the debt provides for cash principal repayment (cba-2025-6700-final, PDF p.3); the declared operative document set has been examined and no applicable principal write-down or compulsory common-share conversion was identified. Separately recorded: benchmark-administrator resolution, cancellation after repayment or repurchase, coupon/dividend provisions, creditor-approved amendments, currency conversion, interest-rate conversion.","Conditional on the declared issue/document scope and bounded English analysis. Source meaning, relevance of omitted material and later amendments are not independently proved."
